customer_id,customer_name,created_at
1,Mary Vega DDS,2026-01-29T03:09:30.849408
2,Brandon Myers,2026-01-29T03:09:30.866356
3,Margaret Wells,2026-01-29T03:09:30.881766
4,Michael Matthews,2026-01-29T03:09:30.896206
5,Connor Williams,2026-01-29T03:09:30.910726
6,Matthew Miles,2026-01-29T03:09:30.968091
7,Catherine Thompson,2026-01-29T03:09:30.984835
8,Nathan Holland,2026-01-29T03:09:31.000675
9,Anthony Sherman,2026-01-29T03:09:31.017480
10,Carolyn Roberts,2026-01-29T03:09:31.033177
11,Johnny Dennis,2026-01-29T03:09:31.055321
12,Michael Barton,2026-01-29T03:09:31.075622
13,Heidi Boyle,2026-01-29T03:09:31.095765
14,George Smith,2026-01-29T03:09:31.114467
15,Thomas Frazier,2026-01-29T03:09:31.133571
16,David Bailey,2026-01-29T03:09:31.153388
17,Larry Harvey,2026-01-29T03:09:31.172136
18,Christina Cochran,2026-01-29T03:09:31.188445
19,Aaron Bruce,2026-01-29T03:09:31.250034
20,Anna Smith,2026-01-29T03:09:31.268429
21,Andrew Hill,2026-01-29T03:09:31.287623
22,Angela Sherman,2026-01-29T03:09:31.308083
23,Austin Cain,2026-01-29T03:09:31.329294
24,Scott Clark,2026-01-29T03:09:31.376446
25,Cindy Smith,2026-01-29T03:09:31.398004
26,Elizabeth Contreras,2026-01-29T03:09:31.417119
27,Robert Simmons,2026-01-29T03:09:31.435524
28,Ana Brooks,2026-01-29T03:09:31.454570
29,Jason King,2026-01-29T03:09:31.473435
30,Andrew Stephens,2026-01-29T03:09:31.492048
31,Carol Lynch,2026-01-29T03:09:31.509929
32,Amy Ellis,2026-01-29T03:09:31.529744
33,Kathleen Miranda,2026-01-29T03:09:31.549326
34,Lynn Smith,2026-01-29T03:09:31.568658
35,Michelle Rodriguez,2026-01-29T03:09:31.587367
36,Emily Mcmillan,2026-01-29T03:09:31.607649
37,Gavin Griffin,2026-01-29T03:09:31.628490
38,Jennifer Friedman,2026-01-29T03:09:31.648932
39,Brittany Hughes,2026-01-29T03:09:31.666674
40,Margaret Lopez,2026-01-29T03:09:31.687412
41,Lori James,2026-01-29T03:09:31.704867
42,Heather Wheeler,2026-01-29T03:09:31.721662
43,Susan Glenn,2026-01-29T03:09:31.740132
44,Richard Lee,2026-01-29T03:09:31.758024
45,Jennifer Barron,2026-01-29T03:09:31.777776
46,Lauren Freeman,2026-01-29T03:09:31.793681
47,Matthew Perry,2026-01-29T03:09:31.809537
48,William Rasmussen,2026-01-29T03:09:31.827301
49,Anthony Jennings,2026-01-29T03:09:31.844226
50,James Nixon,2026-01-29T03:09:31.862297
51,Shannon Young,2026-01-29T03:09:31.880638
52,Logan Maddox,2026-01-29T03:09:31.900998
53,Christina Donovan,2026-01-29T03:09:31.920454
54,Jessica Burke,2026-01-29T03:09:31.937406
55,Brandy Lewis,2026-01-29T03:09:31.955837
56,Sheri White,2026-01-29T03:09:31.973878
57,Amanda Mcfarland,2026-01-29T03:09:31.991848
58,James Jones,2026-01-29T03:09:32.010842
59,Tamara Winters,2026-01-29T03:09:32.029790
60,Jason Phillips,2026-01-29T03:09:32.048558
61,Wyatt Jackson,2026-01-29T03:09:32.066169
62,Nichole Lopez,2026-01-29T03:09:32.083541
63,Eric Garcia,2026-01-29T03:09:32.103936
64,Morgan Simmons,2026-01-29T03:09:32.122632
65,Jerry Singh,2026-01-29T03:09:32.139717
66,Kurt Washington,2026-01-29T03:09:32.156290
67,Mary Johnson,2026-01-29T03:09:32.174473
68,Cassandra Alexander,2026-01-29T03:09:32.189837
69,Brittany Craig,2026-01-29T03:09:32.208563
70,Patrick Hanna,2026-01-29T03:09:32.227606
71,Wendy Nichols,2026-01-29T03:09:32.247717
72,Dakota Hughes,2026-01-29T03:09:32.269775
73,Justin Powell,2026-01-29T03:09:32.290368
74,Jillian Jackson,2026-01-29T03:09:32.311493
75,Shawn Cherry,2026-01-29T03:09:32.332291
76,Dillon Church,2026-01-29T03:09:32.353740
77,Shannon Morales PhD,2026-01-29T03:09:32.375541
78,Christopher Bailey,2026-01-29T03:09:32.397724
79,Connie Roberts,2026-01-29T03:09:32.420609
80,Aimee White,2026-01-29T03:09:32.445019
81,Daniel Fisher,2026-01-29T03:09:32.468731
82,Kristin Bennett,2026-01-29T03:09:32.490589
83,Catherine Jenkins,2026-01-29T03:09:32.512155
84,Michael Miller,2026-01-29T03:09:32.538234
85,Denise Murphy,2026-01-29T03:09:32.562929
86,Larry Santiago,2026-01-29T03:09:32.587073
87,James Barber,2026-01-29T03:09:32.611242
88,Gregory Brown,2026-01-29T03:09:32.633359
89,Barbara Ray,2026-01-29T03:09:32.657210
90,Jordan Guzman,2026-01-29T03:09:32.687155
91,Bruce Chambers,2026-01-29T03:09:32.709742
92,Dustin Holt,2026-01-29T03:09:32.730636
93,Regina Gill,2026-01-29T03:09:32.755082
94,Patricia Nunez,2026-01-29T03:09:32.775986
95,Elizabeth Farley,2026-01-29T03:09:32.801920
96,Antonio Pena,2026-01-29T03:09:32.821890
97,Lisa Mora,2026-01-29T03:09:32.839645
98,Janet Salazar,2026-01-29T03:09:32.861465
99,Brandy Terrell,2026-01-29T03:09:32.885968
100,Jason Newman,2026-01-29T03:09:32.906925
101,Mrs. Sheila Dean,2026-01-29T03:09:32.930144
102,Ricardo Neal,2026-01-29T03:09:32.954969
103,Kevin Gonzalez,2026-01-29T03:09:32.977049
104,Raymond Cooper,2026-01-29T03:09:32.996747
105,Christopher Kramer,2026-01-29T03:09:33.014239
106,Antonio Nielsen,2026-01-29T03:09:33.032273
107,Alison Smith,2026-01-29T03:09:33.051359
108,Jamie Winters,2026-01-29T03:09:33.069009
109,Nicole Parrish,2026-01-29T03:09:33.089975
110,Diane Perez,2026-01-29T03:09:33.108255
111,Melinda Myers,2026-01-29T03:09:33.125811
112,Richard Brown,2026-01-29T03:09:33.145424
113,Erica Medina,2026-01-29T03:09:33.163328
114,Brenda Contreras,2026-01-29T03:09:33.180993
115,Joe Barton,2026-01-29T03:09:33.200705
116,William Crane,2026-01-29T03:09:33.218863
117,Aaron Clark,2026-01-29T03:09:33.236176
118,Brandi Houston,2026-01-29T03:09:33.254074
119,Monica Richards,2026-01-29T03:09:33.271287
120,Dale Salinas,2026-01-29T03:09:33.286682
121,Randall Decker,2026-01-29T03:09:33.303423
122,Zachary Fisher,2026-01-29T03:09:33.320098
123,Curtis Townsend,2026-01-29T03:09:33.335437
124,James Martinez,2026-01-29T03:09:33.352651
125,Mark Thomas,2026-01-29T03:09:33.370633
126,Bobby Horton,2026-01-29T03:09:33.391134
127,Matthew Hays,2026-01-29T03:09:33.409101
128,Amy Mclean,2026-01-29T03:09:33.426435
129,Kristy James,2026-01-29T03:09:33.443836
130,Jonathan Turner,2026-01-29T03:09:33.463844
131,Mrs. Melissa Schmidt,2026-01-29T03:09:33.482366
132,Lisa Andrade,2026-01-29T03:09:33.501766
133,Phillip Lucas,2026-01-29T03:09:33.520919
134,Nancy Shields,2026-01-29T03:09:33.540035
135,Patricia Smith,2026-01-29T03:09:33.558339
136,William Williams,2026-01-29T03:09:33.577454
137,Stephanie Ortega,2026-01-29T03:09:33.595678
138,Amanda Cervantes,2026-01-29T03:09:33.614916
139,Sara Garcia,2026-01-29T03:09:33.633262
140,Andrea Reynolds,2026-01-29T03:09:33.651101
141,Tracey Perez,2026-01-29T03:09:33.669209
142,Lisa Jones,2026-01-29T03:09:33.686870
143,Justin Howard,2026-01-29T03:09:33.706228
144,Benjamin Stark,2026-01-29T03:09:33.725643
145,Joshua Walls,2026-01-29T03:09:33.742835
146,Jerome Bright,2026-01-29T03:09:33.759873
147,Victoria Sims,2026-01-29T03:09:33.777762
148,Diana Davis,2026-01-29T03:09:33.795332
149,Andrew Suarez,2026-01-29T03:09:33.811312
150,Melanie Keller,2026-01-29T03:09:33.827700
151,Nicole Barrett,2026-01-29T03:09:33.843745
152,Kimberly Gilbert,2026-01-29T03:09:33.860575
153,Diane Olson,2026-01-29T03:09:33.876758
154,Jessica Jacobs,2026-01-29T03:09:33.894271
155,Deanna Glover,2026-01-29T03:09:33.910481
156,Steven Larson,2026-01-29T03:09:33.926515
157,Mark Winters,2026-01-29T03:09:33.944324
158,Nathan Harris,2026-01-29T03:09:33.961967
159,David Barrett,2026-01-29T03:09:33.980088
160,Bobby Miles,2026-01-29T03:09:34.001296
161,Thomas Hernandez,2026-01-29T03:09:34.021815
162,Todd Brown,2026-01-29T03:09:34.040547
163,Laura Wheeler,2026-01-29T03:09:34.099411
164,Melissa Wolfe,2026-01-29T03:09:34.118091
165,Victoria Ramirez,2026-01-29T03:09:34.137765
166,Hailey Massey,2026-01-29T03:09:34.156700
167,Catherine Lucero,2026-01-29T03:09:34.175612
168,Daniel Lee,2026-01-29T03:09:34.194316
169,Carl Olson,2026-01-29T03:09:34.212411
170,Derek Carlson,2026-01-29T03:09:34.230248
171,Kenneth Coleman,2026-01-29T03:09:34.248454
172,Jessica Williams,2026-01-29T03:09:34.268219
173,Don Davis,2026-01-29T03:09:34.287665
174,Kelly Huang,2026-01-29T03:09:34.305816
175,Robert Mahoney,2026-01-29T03:09:34.323603
176,Melissa Diaz,2026-01-29T03:09:34.342010
177,Jason Morgan,2026-01-29T03:09:34.359801
178,Tiffany Gardner,2026-01-29T03:09:34.379113
179,Christina Castro,2026-01-29T03:09:34.398265
180,Sherry Rogers,2026-01-29T03:09:34.416717
181,Jon Boyd,2026-01-29T03:09:34.435638
182,Jeffery Mason,2026-01-29T03:09:34.454435
183,Mary Curtis,2026-01-29T03:09:34.473235
184,Elizabeth Smith,2026-01-29T03:09:34.491830
185,Juan Lucero,2026-01-29T03:09:34.508766
186,Karen Hester,2026-01-29T03:09:34.526906
187,Michael Smith,2026-01-29T03:09:34.544736
188,David Hamilton,2026-01-29T03:09:34.562668
189,Matthew Cooper,2026-01-29T03:09:34.580660
190,Dr. Brian Byrd,2026-01-29T03:09:34.600796
191,Lisa Franklin,2026-01-29T03:09:34.619024
192,Laura Archer,2026-01-29T03:09:34.637960
193,James Black,2026-01-29T03:09:34.658404
194,Jennifer Reed,2026-01-29T03:09:34.680188
195,Joseph Butler,2026-01-29T03:09:34.700038
196,Charles Evans,2026-01-29T03:09:34.719761
197,Bradley Young,2026-01-29T03:09:34.739570
198,Brian Wood,2026-01-29T03:09:34.759297
199,Preston Flynn,2026-01-29T03:09:34.780368
200,Richard Garcia,2026-01-29T03:09:34.800339
201,Mark Davis,2026-01-29T03:09:34.819790
202,Sandra Good,2026-01-29T03:09:34.839710
203,George Mack,2026-01-29T03:09:34.858239
204,David Patel,2026-01-29T03:09:34.875985
205,Billy Tapia,2026-01-29T03:09:34.893936
206,Christopher Chapman,2026-01-29T03:09:34.911072
207,Amy Brown,2026-01-29T03:09:34.929617
208,James Bradley,2026-01-29T03:09:34.946655
209,Teresa Rollins,2026-01-29T03:09:34.963670
210,Fernando Burke,2026-01-29T03:09:34.983389
211,Elizabeth Blake MD,2026-01-29T03:09:35.004238
212,Diana House,2026-01-29T03:09:35.024547
213,Julie Johnson,2026-01-29T03:09:35.045544
214,Monique Gonzalez,2026-01-29T03:09:35.068477
215,Daniel Gomez,2026-01-29T03:09:35.089195
216,Kevin Meyer,2026-01-29T03:09:35.107764
217,Shawn Gonzalez,2026-01-29T03:09:35.127488
218,Tiffany Scott,2026-01-29T03:09:35.148796
219,Douglas Bryant,2026-01-29T03:09:35.167145
220,Michael Valentine,2026-01-29T03:09:35.186514
221,Elizabeth Stanley,2026-01-29T03:09:35.207212
222,Nicole Collins,2026-01-29T03:09:35.226103
223,Jeffrey Roberts,2026-01-29T03:09:35.244366
224,Christopher Rodriguez,2026-01-29T03:09:35.263455
225,Alexander Nielsen,2026-01-29T03:09:35.281293
226,Luis Welch,2026-01-29T03:09:35.344369
227,Steven Gardner,2026-01-29T03:09:35.362829
228,Melissa Garcia,2026-01-29T03:09:35.380811
229,Margaret Burch,2026-01-29T03:09:35.401303
230,Patricia Johnson,2026-01-29T03:09:35.421590
231,Dr. Rebekah Davenport,2026-01-29T03:09:35.440324
232,Francisco Ramos,2026-01-29T03:09:35.465868
233,Anthony Griffin,2026-01-29T03:09:35.486003
234,Melissa Ballard,2026-01-29T03:09:35.505364
235,Mr. Douglas James MD,2026-01-29T03:09:35.524090
236,Mark Campbell,2026-01-29T03:09:35.544144
237,Brian Brown,2026-01-29T03:09:35.563098
238,Erica Sutton,2026-01-29T03:09:35.582983
239,Alyssa Phillips,2026-01-29T03:09:35.601461
240,Crystal Landry,2026-01-29T03:09:35.620062
241,Janet Clark,2026-01-29T03:09:35.638594
242,Jeffrey Ortiz,2026-01-29T03:09:35.658105
243,Yvonne Davis,2026-01-29T03:09:35.677164
244,Elizabeth Clark,2026-01-29T03:09:35.694425
245,James Brown,2026-01-29T03:09:35.711598
246,William Blevins,2026-01-29T03:09:35.729562
247,James Chase,2026-01-29T03:09:35.748481
248,Timothy Thomas,2026-01-29T03:09:35.795758
249,Denise Ortega,2026-01-29T03:09:35.814435
250,Jamie Phillips,2026-01-29T03:09:35.834235
251,Ryan Zavala,2026-01-29T03:09:35.854600
252,Corey Roberts,2026-01-29T03:09:35.872918
253,Julie Hale,2026-01-29T03:09:35.892106
254,Jeanette Hayes,2026-01-29T03:09:35.911856
255,Jonathan Smith,2026-01-29T03:09:35.931218
256,Ashley Swanson,2026-01-29T03:09:35.951646
257,Ronald Floyd,2026-01-29T03:09:35.970663
258,Mrs. Amber Hansen,2026-01-29T03:09:35.989194
259,Christopher Ruiz,2026-01-29T03:09:36.008078
260,Teresa Garcia,2026-01-29T03:09:36.029567
261,Kimberly Tyler,2026-01-29T03:09:36.048576
262,Malik Rodriguez,2026-01-29T03:09:36.066577
263,John Garcia,2026-01-29T03:09:36.086999
264,Daniel Jennings,2026-01-29T03:09:36.104919
265,Crystal Collier,2026-01-29T03:09:36.128964
266,Paul Cook,2026-01-29T03:09:36.150407
267,Robert James,2026-01-29T03:09:36.169902
268,Martin Estrada,2026-01-29T03:09:36.192518
269,Carmen Gonzalez,2026-01-29T03:09:36.212152
270,Deborah Morris,2026-01-29T03:09:36.275149
271,Kimberly Barnett,2026-01-29T03:09:36.295816
272,Diana Fry,2026-01-29T03:09:36.317157
273,Jonathan Jones,2026-01-29T03:09:36.336792
274,Shane Gallegos MD,2026-01-29T03:09:36.357809
275,Amanda Jones,2026-01-29T03:09:36.380401
276,Amanda Keller,2026-01-29T03:09:36.401133
277,Autumn Robinson,2026-01-29T03:09:36.417710
278,Ashley Hull,2026-01-29T03:09:36.435876
279,Jose Kane,2026-01-29T03:09:36.458881
280,Luis Mccullough,2026-01-29T03:09:36.477100
281,Derek Delgado,2026-01-29T03:09:36.497474
282,Shannon Mueller,2026-01-29T03:09:36.517156
283,Stephen Campbell,2026-01-29T03:09:36.535537
284,Anthony Wilson,2026-01-29T03:09:36.554164
285,Katelyn Brown,2026-01-29T03:09:36.574367
286,Alexander Wallace,2026-01-29T03:09:36.596136
287,Sarah Ponce,2026-01-29T03:09:36.616486
288,David Gutierrez,2026-01-29T03:09:36.635734
289,Ashley Davis,2026-01-29T03:09:36.654306
290,Ricky Jacobs,2026-01-29T03:09:36.677812
291,Mrs. Kristi Myers,2026-01-29T03:09:36.701309
292,Anthony Wells,2026-01-29T03:09:36.725782
293,Richard Rodriguez,2026-01-29T03:09:36.753776
294,John Mckinney,2026-01-29T03:09:36.781312
295,Timothy Miller,2026-01-29T03:09:36.840670
296,Gerald Watson,2026-01-29T03:09:36.864065
297,Maurice Lyons,2026-01-29T03:09:36.888218
298,Tracy Bryant,2026-01-29T03:09:36.910908
299,Tabitha Bernard,2026-01-29T03:09:36.934532
300,Jean Morris,2026-01-29T03:09:36.958374
301,Adam Klein,2026-01-29T03:09:36.982435
302,Matthew Lara,2026-01-29T03:09:37.006074
303,Christopher Noble,2026-01-29T03:09:37.030409
304,Jeanette Ramirez,2026-01-29T03:09:37.053722
305,Scott Petty,2026-01-29T03:09:37.077406
306,James Thomas,2026-01-29T03:09:37.100638
307,Alicia Clark,2026-01-29T03:09:37.125440
308,Deborah Green,2026-01-29T03:09:37.150843
309,Melissa Curry,2026-01-29T03:09:37.170424
310,Danielle Carey,2026-01-29T03:09:37.188269
311,Jaime Cook,2026-01-29T03:09:37.206130
312,Caleb Little,2026-01-29T03:09:37.225357
313,Melinda Levine,2026-01-29T03:09:37.243826
314,Andrew Reilly,2026-01-29T03:09:37.262732
315,Jeffrey Hernandez,2026-01-29T03:09:37.280919
316,Jonathan Lynch,2026-01-29T03:09:37.298759
317,Ashley Dominguez,2026-01-29T03:09:37.320173
318,Michelle Harris,2026-01-29T03:09:37.341114
319,John Fisher,2026-01-29T03:09:37.361913
320,Patrick Gibson,2026-01-29T03:09:37.382046
321,Jeremy Johnson,2026-01-29T03:09:37.401436
322,Alexis Williams,2026-01-29T03:09:37.420426
323,Veronica Pitts,2026-01-29T03:09:37.439017
324,Wesley Walters,2026-01-29T03:09:37.457722
325,Mark Santiago,2026-01-29T03:09:37.476942
326,Jason Rocha,2026-01-29T03:09:37.497375
327,Jasmine Sharp,2026-01-29T03:09:37.520082
328,Allison Lynch,2026-01-29T03:09:37.543143
329,Stacy Wagner,2026-01-29T03:09:37.565678
330,Elaine Wong,2026-01-29T03:09:37.587784
331,Jason Hill,2026-01-29T03:09:37.607407
332,Robert Glover,2026-01-29T03:09:37.627806
333,Marisa Chang,2026-01-29T03:09:37.649410
334,Charles Johnson,2026-01-29T03:09:37.670705
335,Guy Gay,2026-01-29T03:09:37.691040
336,Karen Cain,2026-01-29T03:09:37.712154
337,Ashley Poole,2026-01-29T03:09:37.729286
338,Wanda Gould,2026-01-29T03:09:37.747535
339,Bailey Pearson,2026-01-29T03:09:37.769398
340,David Rodriguez,2026-01-29T03:09:37.787666
341,Ashley Wilson,2026-01-29T03:09:37.807669
342,Christopher Romero,2026-01-29T03:09:37.829052
343,Denise Thompson,2026-01-29T03:09:37.851538
344,Billy Wade,2026-01-29T03:09:37.871725
345,Jason Martin,2026-01-29T03:09:37.891470
346,Patricia Jenkins,2026-01-29T03:09:37.909553
347,Veronica Bray,2026-01-29T03:09:37.926905
348,Emily Jackson,2026-01-29T03:09:37.946795
349,Julie Tucker,2026-01-29T03:09:37.966591
350,Christopher Dunlap,2026-01-29T03:09:37.985185
351,Michele Ball,2026-01-29T03:09:38.004795
352,Courtney Patterson,2026-01-29T03:09:38.024470
353,Christina Garcia,2026-01-29T03:09:38.044069
354,Timothy Harris,2026-01-29T03:09:38.063581
355,Amber Gomez,2026-01-29T03:09:38.084064
356,Matthew Rogers,2026-01-29T03:09:38.101790
357,Dr. James Garza,2026-01-29T03:09:38.119492
358,Monica Hill,2026-01-29T03:09:38.179372
359,Sara Graham,2026-01-29T03:09:38.200090
360,Amy Browning,2026-01-29T03:09:38.221277
361,Daniel Fowler,2026-01-29T03:09:38.239939
362,Geoffrey Jenkins,2026-01-29T03:09:38.258667
363,Tamara Wu,2026-01-29T03:09:38.278170
364,Frank Pena,2026-01-29T03:09:38.298376
365,Julie Watson DVM,2026-01-29T03:09:38.318848
366,Jasmine Harvey,2026-01-29T03:09:38.338531
367,Casey Jones,2026-01-29T03:09:38.358613
368,Carlos Downs,2026-01-29T03:09:38.379539
369,Curtis Brown,2026-01-29T03:09:38.399731
370,Amanda Waters,2026-01-29T03:09:38.420181
371,William Collins,2026-01-29T03:09:38.438657
372,Wesley Jimenez,2026-01-29T03:09:38.458152
373,Karen Sullivan,2026-01-29T03:09:38.475482
374,Daniel Flores,2026-01-29T03:09:38.492706
375,Kristy Nash,2026-01-29T03:09:38.511977
376,Lisa Walters,2026-01-29T03:09:38.565860
377,Kenneth Miranda,2026-01-29T03:09:38.584260
378,Mark Smith,2026-01-29T03:09:38.603433
379,Mike Blackwell,2026-01-29T03:09:38.620999
380,Larry Perry MD,2026-01-29T03:09:38.640654
381,Diane Myers,2026-01-29T03:09:38.661223
382,Deborah Salazar,2026-01-29T03:09:38.681381
383,Joseph Barnes,2026-01-29T03:09:38.700392
384,Brandon King,2026-01-29T03:09:38.721381
385,Vicki Taylor,2026-01-29T03:09:38.741570
386,Christina Adams,2026-01-29T03:09:38.761278
387,Brian Smith,2026-01-29T03:09:38.780623
388,Corey Rodriguez,2026-01-29T03:09:38.799712
389,Christopher Scott,2026-01-29T03:09:38.818182
390,Susan Carter,2026-01-29T03:09:38.840013
391,Richard Roberts,2026-01-29T03:09:38.859709
392,Kimberly Carter,2026-01-29T03:09:38.879965
393,Thomas Burch,2026-01-29T03:09:38.900898
394,Sarah Baker,2026-01-29T03:09:38.921114
395,Wesley Le,2026-01-29T03:09:38.938808
396,Michael Robinson,2026-01-29T03:09:38.956166
397,Jennifer Pearson,2026-01-29T03:09:38.972831
398,Laura Valdez,2026-01-29T03:09:38.990867
399,Christina Johnson,2026-01-29T03:09:39.007970
400,Eric Nguyen,2026-01-29T03:09:39.025803
401,William Cross,2026-01-29T03:09:39.044218
402,Melissa Duncan,2026-01-29T03:09:39.061844
403,David Robinson,2026-01-29T03:09:39.079779
404,Jane Guzman,2026-01-29T03:09:39.097991
405,Lisa Gregory,2026-01-29T03:09:39.115880
406,Mark Randolph,2026-01-29T03:09:39.133383
407,Jade Gilbert,2026-01-29T03:09:39.155389
408,Brian Hernandez,2026-01-29T03:09:39.175034
409,Gregory Stephens,2026-01-29T03:09:39.239385
410,Marvin Bonilla,2026-01-29T03:09:39.258298
411,Linda Dean,2026-01-29T03:09:39.278645
412,Casey Gonzalez,2026-01-29T03:09:39.298851
413,Nicholas Carter,2026-01-29T03:09:39.318550
414,Kenneth Ferguson,2026-01-29T03:09:39.337551
415,Michael Gordon,2026-01-29T03:09:39.357942
416,Jose Macias,2026-01-29T03:09:39.377369
417,David Ellis,2026-01-29T03:09:39.396720
418,Heather Collins,2026-01-29T03:09:39.416429
419,Hannah Brown,2026-01-29T03:09:39.436822
420,Derek Cooper,2026-01-29T03:09:39.455989
421,Roberto Farrell,2026-01-29T03:09:39.475639
422,Valerie Jones,2026-01-29T03:09:39.493536
423,Dennis Turner,2026-01-29T03:09:39.511382
424,Elizabeth Jones,2026-01-29T03:09:39.568353
425,Jennifer Snyder,2026-01-29T03:09:39.587760
426,Christopher Frederick,2026-01-29T03:09:39.605149
427,Christopher Ali,2026-01-29T03:09:39.622298
428,Paul Wright MD,2026-01-29T03:09:39.639699
429,Joseph Kelley,2026-01-29T03:09:39.658897
430,Janice Sanchez,2026-01-29T03:09:39.677301
431,James Moran,2026-01-29T03:09:39.697983
432,Lauren Mendez,2026-01-29T03:09:39.716756
433,Jean Miller,2026-01-29T03:09:39.735319
434,Darrell Wolfe,2026-01-29T03:09:39.754045
435,Carolyn Wright,2026-01-29T03:09:39.771075
436,Evan Howard,2026-01-29T03:09:39.788727
437,Norma Avila,2026-01-29T03:09:39.808257
438,Anthony Robinson,2026-01-29T03:09:39.827781
439,James Rose,2026-01-29T03:09:39.894086
440,Courtney Dixon,2026-01-29T03:09:39.915645
441,Megan Peterson,2026-01-29T03:09:39.935239
442,Jessica Richmond,2026-01-29T03:09:39.953041
443,Jennifer Hunter,2026-01-29T03:09:39.971991
444,Michael Woodward,2026-01-29T03:09:39.991731
445,Kevin Walker,2026-01-29T03:09:40.011689
446,Heather Russell,2026-01-29T03:09:40.032129
447,Jennifer Santos,2026-01-29T03:09:40.052882
448,Lucas Santiago,2026-01-29T03:09:40.118593
449,Gregory Hicks MD,2026-01-29T03:09:40.142590
450,Anthony Armstrong,2026-01-29T03:09:40.163680
451,Pamela Moore,2026-01-29T03:09:40.183970
452,Gary Phillips,2026-01-29T03:09:40.204192
453,Jennifer Williams,2026-01-29T03:09:40.224797
454,Troy Roberts,2026-01-29T03:09:40.247677
455,Thomas Pineda,2026-01-29T03:09:40.271833
456,Robert Campbell,2026-01-29T03:09:40.297101
457,Monique Camacho,2026-01-29T03:09:40.317412
458,Ethan Combs,2026-01-29T03:09:40.339172
459,Patrick Hammond,2026-01-29T03:09:40.360792
460,Thomas Aguirre,2026-01-29T03:09:40.385091
461,Larry Higgins,2026-01-29T03:09:40.409497
462,Donald Scott,2026-01-29T03:09:40.436208
463,Jennifer Moreno,2026-01-29T03:09:40.461046
464,Heather Peterson,2026-01-29T03:09:40.485171
465,Michael Roberts,2026-01-29T03:09:40.511252
466,Michael Skinner,2026-01-29T03:09:40.539047
467,Derek Young,2026-01-29T03:09:40.572016
468,Jeanette Flynn,2026-01-29T03:09:40.595760
469,Suzanne Graham,2026-01-29T03:09:40.616195
470,Brittany Watson,2026-01-29T03:09:40.637193
471,Cody Gonzalez,2026-01-29T03:09:40.658523
472,Shane Garcia,2026-01-29T03:09:40.679722
473,Miguel Mendoza,2026-01-29T03:09:40.699768
474,Timothy Reeves,2026-01-29T03:09:40.721067
475,Amanda Mahoney,2026-01-29T03:09:40.741950
476,John Sutton,2026-01-29T03:09:40.762601
477,Eric Moss,2026-01-29T03:09:40.782728
478,Debbie Castillo,2026-01-29T03:09:40.803584
479,Kelly Curry,2026-01-29T03:09:40.823622
480,Elizabeth Hunter,2026-01-29T03:09:40.842882
481,Elizabeth Frazier,2026-01-29T03:09:40.902839
482,Erica Browning,2026-01-29T03:09:40.923011
483,James Morgan,2026-01-29T03:09:40.948485
484,Margaret Mcdowell,2026-01-29T03:09:40.971567
485,Steven Melendez,2026-01-29T03:09:40.992820
486,Diane Garza,2026-01-29T03:09:41.013320
487,Jason Russell,2026-01-29T03:09:41.037688
488,Catherine Martinez,2026-01-29T03:09:41.060511
489,Thomas Huynh,2026-01-29T03:09:41.084056
490,Susan Browning,2026-01-29T03:09:41.105418
491,James Butler,2026-01-29T03:09:41.126528
492,Joseph Hamilton,2026-01-29T03:09:41.146723
493,Alyssa Anthony,2026-01-29T03:09:41.168523
494,Jerry Pineda,2026-01-29T03:09:41.189578
495,Brandy Smith,2026-01-29T03:09:41.211223
496,Ivan Haynes,2026-01-29T03:09:41.232215
497,Amber Mendez,2026-01-29T03:09:41.253435
498,Cliente Demo,2026-01-29T03:09:41.442053
